<application>
  <component name="GitRememberedInputs">
    <option name="visitedUrls">
      <list>
        <UrlAndUserName>
          <option name="url" value="https://gitlab.kaiwuren.com/appCloud/demo/wu-vue-admin.git" />
          <option name="userName" value="" />
        </UrlAndUserName>
        <UrlAndUserName>
          <option name="url" value="http://gitlab.kaiwuren.com" />
          <option name="userName" value="fangzipei" />
        </UrlAndUserName>
        <UrlAndUserName>
          <option name="url" value="http://10.197.49.70" />
          <option name="userName" value="fangzp@glsc.com.cn" />
        </UrlAndUserName>
        <UrlAndUserName>
          <option name="url" value="http://172.255.40.153" />
          <option name="userName" value="fangzipei" />
        </UrlAndUserName>
        <UrlAndUserName>
          <option name="url" value="http://10.197.49.32:88" />
          <option name="userName" value="fangzp@glsc.com.cn" />
        </UrlAndUserName>
        <UrlAndUserName>
          <option name="url" value="http://10.197.49.32:88/glsc/dscp-api.git" />
          <option name="userName" value="" />
        </UrlAndUserName>
        <UrlAndUserName>
          <option name="url" value="https://gitee.com/xiaoym/knife4j.git" />
          <option name="userName" value="" />
        </UrlAndUserName>
        <UrlAndUserName>
          <option name="url" value="http://10.197.49.32:88/glsc/dscpweb.git" />
          <option name="userName" value="" />
        </UrlAndUserName>
      </list>
    </option>
    <option name="cloneParentDir" value="D:\Idea_workspace" />
  </component>
  <component name="Vcs.Log.App.Settings">
    <option name="SHOW_CHANGES_FROM_PARENTS" value="true" />
    <option name="COLUMN_ID_ORDER">
      <list>
        <option value="Default.Root" />
        <option value="Default.Subject" />
        <option value="Default.Author" />
        <option value="Space.CommitStatus" />
        <option value="Default.Date" />
      </list>
    </option>
  </component>
</application>